text_preview,n_copies,targets,contradictory
#Allah describes piling up #wealth thinking it would last #forever as the descri,3,"[0, 1]",True
#Bestnaijamade: 16yr old PKK suicide bomber who detonated bomb in ... http://t.c,6,[1],False
#foodscare #offers2go #NestleIndia slips into loss after #Magginoodle #ban unsaf,3,"[0, 1]",True
#KCA #VoteJKT48ID 12News: UPDATE: A family of 3 has been displaced after fired d,2,[1],False
#Myanmar  Displaced #Rohingya at #Sittwe point of no return http://t.co/cgf61fPm,2,[1],False
#Newswatch: 2 vehicles collided at Lock and Lansdowne Sts in #Ptbo. Emerg crews ,2,[1],False
#SigAlert: North &amp; Southbound 133 closed btwn 5 fwy and Irvine Blvd due to t,2,[1],False
#stormchase Violent Record Breaking EF-5 El Reno Oklahoma Tornado Nearly Runs Ov,2,[1],False
#TweetLikeItsSeptember11th2001 Those two buildings are on fire,2,[1],False
'Suicide bombing at [location named]...' #premonitions http://t.co/iIkSsJGBDn,2,[1],False
(#LosDelSonido) Obama Declares Disaster for Typhoon-Devastated Saipan: Obama sig,2,[1],False
.POTUS #StrategicPatience is a strategy for #Genocide; refugees; IDP Internally ,4,"[0, 1]",True
11-Year-Old Boy Charged With Manslaughter of Toddler: Report: An 11-year-old boy,10,[1],False
320 [IR] ICEMOON [AFTERSHOCK] | http://t.co/THyzOMVWU0 | @djicemoon | #Dubstep #,2,[0],False
320 [IR] ICEMOON [AFTERSHOCK] | http://t.co/vAM5POdGyw | @djicemoon | #Dubstep #,2,[0],False
@_minimehh @cjoyner I must be overlooking the burning buildings? #BlackLivesMatt,2,[1],False
@aria_ahrary @TheTawniest The out of control wild fires in California even in th,2,[1],False
@batfanuk we enjoyed the show today. Great fun. The emergency non evacuation was,2,[0],False
@fewmoretweets all lives matter. Just not a fan of burning down buildings and st,2,[1],False
@spinningbot Are you another Stand-user? If you are I will have to detonate you ,3,[0],False
@themagickidraps not upset with a rally upset with burning buildings businesses ,2,[1],False
@TinyJecht Are you another Stand-user? If you are I will have to detonate you wi,3,[0],False
abcnews - Obama Declares Disaster for Typhoon-Devastated Saipan: Obama signs dis,2,[1],False
Beware of your temper and a loose tongue! These two dangerous weapons combined c,3,[0],False
Burning buildings? Media outrage? http://t.co/pHixZnv1YN,2,[1],False
Caution: breathing may be hazardous to your health.,2,"[0, 1]",True
Check these out: http://t.co/rOI2NSmEJJ http://t.co/3Tj8ZjiN21 http://t.co/YDUiX,2,[0],False
CLEARED:incident with injury:I-495  inner loop Exit 31 - MD 97/Georgia Ave Silve,3,"[0, 1]",True
"Elem Pomo helping the displaced from the Rocky Fire. Please consider!
Elem Evacu",2,[1],False
Evacuation order lifted for town of Roosevelt: http://t.co/EDyfo6E2PU http://t.c,2,[1],False
Experts in France begin examining airplane debris found on Reunion Island: Frenc,2,[1],False
Families to sue over Legionnaires: More than 40 families affected by the fatal o,2,[1],False
General News Û¢åÊ'Demolition of houses on waterways begins at Achimota Mile 7 ',2,[0],False
He came to a land which was engulfed in tribal war and turned it into a land of ,6,"[0, 1]",True
Hellfire is surrounded by desires so be careful and donÛªt let your desires con,3,"[0, 1]",True
Hellfire is surrounded by desires so be careful and donÛªt let your desires con,2,[0],False
Hellfire! We donÛªt even want to think about it or mention it so letÛªs not do,2,"[0, 1]",True
Hellfire! We donÛªt even want to think about it or mention it so letÛªs not do,2,[0],False
http://t.co/c1H7JECFrV @RoyalCarribean do your passengers know about the mass mu,2,[1],False
I Pledge Allegiance To The P.O.P.E. And The Burning Buildings of Epic City. ????,2,"[0, 1]",True
I'm mentally preparing myself for a bomb ass school year if it's not I'm burning,2,[0],False
In #islam saving a person is equal in reward to saving all humans! Islam is the ,2,"[0, 1]",True
incident with injury:I-495  inner loop Exit 31 - MD 97/Georgia Ave Silver Spring,2,[1],False
Japan on Thursday marks the 70th anniversary of the atomic bombing of Hiroshima ,2,[1],False
like for the music video I want some real action shit like burning buildings and,2,"[0, 1]",True
M1.94 [01:04 UTC]?5km S of Volcano Hawaii. http://t.co/zDtoyd8EbJ,2,[1],False
Madhya Pradesh Train Derailment: Village Youth Saved Many Lives,5,[1],False
Madhya Pradesh Train Derailment: Village Youth Saved Many Lives: A group of vill,3,[1],False
Mmmmmm I'm burning.... I'm burning buildings I'm building.... Oooooohhhh oooh oo,2,"[0, 1]",True
New evacuation ordered for 25 homes in danger of Hwy. 8 fire near Roosevelt Wash,2,[1],False
Police investigating after an e-bike collided with a car in Little Portugal. E-b,2,[1],False
RT AbbsWinston: #Zionist #Terrorist kidnapped 15 #Palestinians in overnight terr,2,[1],False
RT NotExplained: The only known image of infamous hijacker D.B. Cooper. http://t,2,"[0, 1]",True
Schools in Western Uganda still Burning down Buildings during Strikes....Strikes,2,[1],False
Stuart Broad Takes Eight Before Joe Root Runs Riot Against Aussies,2,[0],False
Swansea Û÷plot hijack transfer move for Southampton target Virgil van DijkÛª h,2,[1],False
"that exploded &amp; brought about the
beginning of universe matches what's
menti",2,[0],False
that horrible sinking feeling when youÛªve been at home on your phone for a whi,5,"[0, 1]",True
The Prophet (peace be upon him) said 'Save yourself from Hellfire even if it is ,6,"[0, 1]",True
To fight bioterrorism sir.,4,"[0, 1]",True
Top insurer blasts lack of Australian Govt action on disaster mitigation http://,2,[1],False
Traffic Collision - No Injury: I5 S at I5 S 43rd Ave offramp South Sac http://t.,2,[1],False
UD: Rescue (Structural Collapse) - Scott Road @ Ypres Road York (14 Trucks),2,[1],False
USGS reports a M1.94 #earthquake 5km S of Volcano Hawaii on 8/6/15 @ 1:04:01 UTC,2,[1],False
VIDEO: 'We're picking up bodies from water': Rescuers are searching for hundreds,4,[1],False
Warne shocked over Australia's epic collapse at Trent Bridge: Johannesburg Aug 0,2,[1],False
Who is bringing the tornadoes and floods. Who is bringing the climate change. Go,3,"[0, 1]",True
wowo--=== 12000 Nigerian refugees repatriated from Cameroon,2,"[0, 1]",True
Wreckage 'Conclusively Confirmed' as From MH370: Malaysia PM,3,[1],False
